,song_title_cleaned,num_annotated,num_not_annotated,num_views,percent_annotated,num_views_numeric
0,Rap_God,174,7,14.5M,0.9613259668508287,14500000
1,HUMBLE,66,6,10.1M,0.9166666666666666,10100000
2,Mans_Not_Hot,89,9,8.3M,0.9081632653061225,8300000
3,Gods_Plan,49,7,8M,0.875,8000000
4,XO_TOUR_Llif,68,10,6.8M,0.8717948717948718,6800000
5,1800-logic,88,10,6.7M,0.8979591836734694,6700000
6,Hotline_Bling,65,9,6.5M,0.8783783783783784,6500000
7,Mercy,160,7,6.4M,0.9580838323353293,6400000
8,SAD,33,6,6.4M,0.8461538461538461,6400000
9,rockstar,61,13,6.3M,0.8243243243243243,6300000
10,Trap_Queen,72,7,6.3M,0.9113924050632911,6300000
11,Killshot,123,3,5.8M,0.9761904761904762,5800000
12,Jocelyn_Flores,33,5,5.7M,0.868421052631579,5700000
13,Panda,116,9,5.5M,0.928,5500000
14,Niggas_in_Paris,81,29,5.4M,0.7363636363636363,5400000
15,This_Is_America,102,43,4.6M,0.7034482758620689,4600000
16,Hot_Nigga,47,14,4.7M,0.7704918032786885,4700000
17,Black_Beatles,46,40,4.6M,0.5348837209302325,4600000
18,The_Monster,98,3,4.3M,0.9702970297029703,4300000
19,iSpy,77,13,4.3M,0.8555555555555555,4300000
20,Lose_Yourself,95,4,4M,0.9595959595959596,4000000
21,Father_Stretch_My_Hands_Pt_,59,14,4M,0.8082191780821918,4000000
22,White_Iverson,56,9,3.9M,0.8615384615384616,3900000
23,Ultralight_Beam,113,18,3.7M,0.8625954198473282,3700000
24,Monster,132,9,3.6M,0.9361702127659575,3600000
25,ULTIMATE,77,9,3.4M,0.8953488372093024,3400000
26,Bound_,65,16,3.3M,0.8024691358024691,3300000
27,Lifestyle,47,61,3.3M,0.4351851851851852,3300000
28,Lucid_Dreams,49,30,3.2M,0.620253164556962,3200000
29,Old_Town_Road_Remix,44,12,3.4M,0.7857142857142857,3400000
30,The_Motto,45,23,3.2M,0.6617647058823529,3200000
31,Dat_tick,25,10,3.2M,0.7142857142857143,3200000
32,I_Love_It,43,23,3.1M,0.6515151515151515,3100000
33,Thinkin_Bout_You,33,8,3.1M,0.8048780487804879,3100000
34,Mo_Bamba,25,24,3M,0.5102040816326531,3000000
35,Wild_Thoughts,31,44,2.9M,0.41333333333333333,2900000
36,GUMMO,38,12,2.9M,0.76,2900000
37,Star_Shopping,11,24,2.9M,0.3142857142857143,2900000
38,Yonkers,65,7,2.8M,0.9027777777777778,2800000
39,Young_Dumb__Broke,20,45,2.6M,0.3076923076923077,2600000
40,TShirt,64,12,2.5M,0.8421052631578947,2500000
41,Or_Nah_Remix,8,87,2.5M,0.08421052631578947,2500000
42,Broccoli,69,5,2.5M,0.9324324324324325,2500000
43,Hit_Em_Up,107,44,2.4M,0.7086092715231788,2400000
44,Homicide,119,32,2.4M,0.7880794701986755,2400000
45,Oldie,121,124,2.3M,0.49387755102040815,2300000
46,My_Way,55,7,2.2M,0.8870967741935484,2200000
47,Stan,139,6,2.1M,0.9586206896551724,2100000
48,Yes_Indeed,36,23,2M,0.6101694915254238,2000000
49,The_Real_Slim_Shady,113,9,1.8M,0.9262295081967213,1800000
50,Slippery,68,44,1.8M,0.6071428571428571,1800000
51,Rolex,45,34,1.8M,0.569620253164557,1800000
52,The_Race,36,14,1.8M,0.72,1800000
53,Super_Rich_Kids,86,7,1.7M,0.9247311827956989,1700000
54,ChunLi,52,11,1.7M,0.8253968253968254,1700000
55,Old_Town_Road,33,7,1.7M,0.825,1700000
56,Kill_Yourself_Part_III,42,5,1.7M,0.8936170212765957,1700000
57,Wicked_Games,53,8,1.7M,0.8688524590163934,1700000
58,My_Nigga,42,48,1.6M,0.4666666666666667,1600000
59,bad_guy,29,27,1.7M,0.5178571428571429,1700000
60,Cabinet_Battle_,84,39,1.6M,0.6829268292682927,1600000
61,Gang_Related,70,4,1.5M,0.9459459459459459,1500000
62,EARFQUAKE,25,46,1.6M,0.352112676056338,1600000
63,_Foot__Foot,83,22,1.5M,0.7904761904761904,1500000
64,In_Da_Club,51,23,1.5M,0.6891891891891891,1500000
65,Feel_No_Ways,41,5,1.4M,0.8913043478260869,1400000
66,Earth,62,78,1.5M,0.44285714285714284,1500000
67,Look_Alive,48,43,1.4M,0.5274725274725275,1400000
68,Gold_Digger,87,21,1.4M,0.8055555555555556,1400000
69,Sunflower,8,35,1.7M,0.18604651162790697,1700000
70,Straight_Outta_Compton,67,33,1.4M,0.67,1400000
71,IFHY,37,61,1.3M,0.37755102040816324,1300000
72,Drip_Too_Hard,17,45,1.4M,0.27419354838709675,1400000
73,No_Vaseline,143,4,1.3M,0.9727891156462585,1300000
74,Neighbors,88,6,1.3M,0.9361702127659575,1300000
75,Let_You_Down,45,43,1.3M,0.5113636363636364,1300000
76,Feel_Good_Inc,53,34,1.3M,0.6091954022988506,1300000
77,Hive,50,50,1.3M,0.5,1300000
78,Swang,22,35,1.2M,0.38596491228070173,1200000
79,BAD,3,25,1.2M,0.10714285714285714,1200000
80,XXL_Freshmen__Cypher__Part_,42,85,1.2M,0.33070866141732286,1200000
81,Bitch_Lasagna,39,6,1.2M,0.8666666666666667,1200000
82,Tuesday,91,8,1.2M,0.9191919191919192,1200000
83,Hey_Ya,38,32,1.2M,0.5428571428571428,1200000
84,Money,24,125,1.2M,0.1610738255033557,1200000
85,XXL_Freshmen__Cypher__Part_,21,54,1.1M,0.28,1100000
86,Club_Going_Up_on_a_Tuesday,38,5,1.1M,0.8837209302325582,1100000
87,All_Falls_Down,89,11,1.1M,0.89,1100000
88,BILLY,21,27,1M,0.4375,1000000
89,Wow,42,11,1.1M,0.7924528301886793,1100000
90,Paris,21,14,1M,0.6,1000000
91,My_Name_Is,82,13,1M,0.8631578947368421,1000000
92,She,49,44,990.6K,0.5268817204301075,990600
93,_Problems,61,26,984.5K,0.7011494252873564,984500
94,Pray_For_Me,45,18,977.9K,0.7142857142857143,977900
95,It_Was_a_Good_Day,29,46,1M,0.38666666666666666,1000000
96,Save_That_Shit,11,39,967.8K,0.22,967800
97,Ms_Jackson,87,10,944.9K,0.8969072164948454,944900
98,ShETHER,137,20,907.2K,0.8726114649681529,907200
99,Gucci_Flip_Flops,22,35,889.7K,0.38596491228070173,889700
100,Work_It,68,42,900.1K,0.6181818181818182,900100
101,Renegade,79,54,855.4K,0.5939849624060151,855400
102,__Mr_Lonely,94,36,850.9K,0.7230769230769231,850900
103,you_should_see_me_in_a_crown,33,20,869.2K,0.6226415094339622,869200
104,Clint_Eastwood,60,39,829.5K,0.6060606060606061,829500
105,bellyache,51,9,838.7K,0.85,838700
106,Rusty,57,53,820.9K,0.5181818181818182,820900
107,Rappers_Delight,93,270,846.3K,0.256198347107438,846300
108,California_Love,32,62,800.1K,0.3404255319148936,800100
109,Faneto,28,38,800.2K,0.42424242424242425,800200
110,Fade_Away,78,23,752.1K,0.7722772277227723,752100
111,KONSTRUKT,51,174,764.2K,0.22666666666666666,764200
112,Flashing_Lights,18,43,749K,0.29508196721311475,749000
113,No_Guidance,22,106,792.6K,0.171875,792600
114,Isis,72,52,761.7K,0.5806451612903226,761700
115,Jordan_Belfort,57,15,708.3K,0.7916666666666666,708300
116,Crank_That_Soulja_Boy,22,102,720.8K,0.1774193548387097,720800
117,The_London,49,38,748K,0.5632183908045977,748000
118,Roses,107,12,706.4K,0.8991596638655462,706400
119,International_Players_Anthem_I_Choose_You,35,49,698.1K,0.4166666666666667,698100
120,Thotiana_Cardi_B_Remix,11,92,857.3K,0.10679611650485436,857300
121,Guardian_angel,31,12,684.2K,0.7209302325581395,684200
122,Pissy_Pamper,8,108,710.2K,0.06896551724137931,710200
123,infinity_,42,31,675.6K,0.5753424657534246,675600
124,Gasolina,24,44,671.1K,0.35294117647058826,671100
125,nd_Hand,16,33,646.6K,0.32653061224489793,646600
126,U_Was_At_The_Club_Bottoms_Up,46,49,684K,0.4842105263157895,684000
127,GOTTI,36,25,626.4K,0.5901639344262295,626400
128,Day_N_Nite_Nightmare,52,33,619.3K,0.611764705882353,619300
129,Waterfalls,56,11,625K,0.835820895522388,625000
130,Sober,46,7,602.7K,0.8679245283018868,602700
131,Doo_Wop_That_Thing,40,59,619.8K,0.40404040404040403,619800
132,Goblin,33,112,598.3K,0.22758620689655173,598300
133,Hate_It_or_Love_It,46,42,599.3K,0.5227272727272727,599300
134,Just_Dont_Give_a_Fuck,94,10,592.7K,0.9038461538461539,592700
135,Money_in_the_Grave,44,29,735.8K,0.6027397260273972,735800
136,Big_Pimpin,73,44,590.1K,0.6239316239316239,590100
137,Slob_on_My_Knob,0,45,578K,0.0,578000
138,Boyznthe_Hood,87,17,578.9K,0.8365384615384616,578900
139,Faucet_Failure,50,6,585.9K,0.8928571428571429,585900
140,Train_food,28,21,569.7K,0.5714285714285714,569700
141,No_Mistakes,37,7,565K,0.8409090909090909,565000
142,Yeah,33,159,568.5K,0.171875,568500
143,Press,8,69,665K,0.1038961038961039,665000
144,get_well_soon,31,61,540.6K,0.33695652173913043,540600
145,We_Dem_Boyz,48,12,524.8K,0.8,524800
146,Baby_Got_Back,43,59,542.6K,0.4215686274509804,542600
147,White_Wine,9,57,509.5K,0.13636363636363635,509500
148,Role_Model,49,24,514.6K,0.6712328767123288,514600
149,Radicals,48,50,501.5K,0.4897959183673469,501500
150,Guilty_Conscience,52,56,508.3K,0.48148148148148145,508300
151,Moment__Life,33,64,491.7K,0.3402061855670103,491700
152,Lucid_Dreams,49,30,3.2M,0.620253164556962,3200000
153,Old_Town_Road_Remix,44,12,3.4M,0.7857142857142857,3400000
154,The_Motto,45,23,3.2M,0.6617647058823529,3200000
155,Dat_tick,25,10,3.2M,0.7142857142857143,3200000
156,I_Love_It,43,23,3.1M,0.6515151515151515,3100000
157,Thinkin_Bout_You,33,8,3.1M,0.8048780487804879,3100000
158,Mo_Bamba,24,25,3M,0.4897959183673469,3000000
159,Wild_Thoughts,31,44,2.9M,0.41333333333333333,2900000
160,GUMMO,38,12,2.9M,0.76,2900000
161,Star_Shopping,11,24,2.9M,0.3142857142857143,2900000
162,Yonkers,65,7,2.8M,0.9027777777777778,2800000
163,Young_Dumb__Broke,20,45,2.6M,0.3076923076923077,2600000
164,TShirt,64,12,2.5M,0.8421052631578947,2500000
165,Or_Nah_Remix,8,87,2.5M,0.08421052631578947,2500000
166,Broccoli,69,5,2.5M,0.9324324324324325,2500000
167,Hit_Em_Up,107,44,2.4M,0.7086092715231788,2400000
168,Hit_Em_Up,107,44,2.4M,0.7086092715231788,2400000
169,Homicide,119,32,2.4M,0.7880794701986755,2400000
170,Oldie,121,124,2.3M,0.49387755102040815,2300000
171,My_Way,55,7,2.2M,0.8870967741935484,2200000
172,Stan,139,6,2.1M,0.9586206896551724,2100000
173,Yes_Indeed,36,23,2M,0.6101694915254238,2000000
174,The_Real_Slim_Shady,113,9,1.8M,0.9262295081967213,1800000
175,Slippery,68,44,1.8M,0.6071428571428571,1800000
176,Rolex,45,34,1.8M,0.569620253164557,1800000
177,The_Race,36,14,1.8M,0.72,1800000
178,Super_Rich_Kids,86,7,1.7M,0.9247311827956989,1700000
179,ChunLi,52,11,1.7M,0.8253968253968254,1700000
180,Old_Town_Road,33,7,1.8M,0.825,1800000
181,Kill_Yourself_Part_III,42,5,1.7M,0.8936170212765957,1700000
182,Wicked_Games,53,8,1.7M,0.8688524590163934,1700000
183,My_Nigga,42,48,1.6M,0.4666666666666667,1600000
184,bad_guy,29,27,1.7M,0.5178571428571429,1700000
185,Cabinet_Battle_,84,39,1.6M,0.6829268292682927,1600000
186,Gang_Related,70,4,1.5M,0.9459459459459459,1500000
187,EARFQUAKE,25,46,1.6M,0.352112676056338,1600000
188,_Foot__Foot,83,22,1.5M,0.7904761904761904,1500000
189,In_Da_Club,51,23,1.5M,0.6891891891891891,1500000
190,Feel_No_Ways,41,5,1.4M,0.8913043478260869,1400000
191,Earth,62,78,1.5M,0.44285714285714284,1500000
192,Look_Alive,48,43,1.4M,0.5274725274725275,1400000
193,Gold_Digger,87,21,1.4M,0.8055555555555556,1400000
194,Sunflower,8,35,1.7M,0.18604651162790697,1700000
195,Straight_Outta_Compton,67,33,1.4M,0.67,1400000
196,IFHY,37,61,1.3M,0.37755102040816324,1300000
197,Drip_Too_Hard,17,45,1.4M,0.27419354838709675,1400000
198,No_Vaseline,143,4,1.3M,0.9727891156462585,1300000
199,Neighbors,88,6,1.3M,0.9361702127659575,1300000
200,Let_You_Down,45,43,1.3M,0.5113636363636364,1300000
201,Feel_Good_Inc,53,34,1.3M,0.6091954022988506,1300000
202,Hive,50,50,1.3M,0.5,1300000
203,Swang,22,35,1.2M,0.38596491228070173,1200000
204,BAD,3,25,1.2M,0.10714285714285714,1200000
205,XXL_Freshmen__Cypher__Part_,42,85,1.2M,0.33070866141732286,1200000
206,Bitch_Lasagna,39,6,1.2M,0.8666666666666667,1200000
207,Tuesday,91,8,1.2M,0.9191919191919192,1200000
208,Hey_Ya,38,32,1.2M,0.5428571428571428,1200000
209,Money,24,125,1.2M,0.1610738255033557,1200000
210,XXL_Freshmen__Cypher__Part_,21,54,1.1M,0.28,1100000
211,Club_Going_Up_on_a_Tuesday,38,5,1.1M,0.8837209302325582,1100000
212,All_Falls_Down,89,11,1.1M,0.89,1100000
213,BILLY,21,27,1M,0.4375,1000000
214,Wow,42,11,1.1M,0.7924528301886793,1100000
215,Paris,21,14,1M,0.6,1000000
216,My_Name_Is,82,13,1M,0.8631578947368421,1000000
217,She,49,44,991.2K,0.5268817204301075,991200
218,_Problems,61,26,984.9K,0.7011494252873564,984900
219,CLOUT_COBAIN__CLOUT_COAN,53,16,492K,0.7681159420289855,492000
220,GOLD,76,34,485.3K,0.6909090909090909,485300
221,Veleno_,78,23,500.5K,0.7722772277227723,500500
222,Peek_a_Boo,34,97,476K,0.2595419847328244,476000
223,Heard_Em_Say,49,8,470.6K,0.8596491228070176,470600
224,STAR,70,8,473.4K,0.8974358974358975,473400
225,NEW_MAGIC_WAND,36,44,474.1K,0.45,474100
226,M_She_Wrote,13,26,464.4K,0.3333333333333333,464400
227,Stupid_Hoe,55,27,452.9K,0.6707317073170732,452900
228,Love_the_Way_You_Lie_Pt_II,51,23,459.7K,0.6891891891891891,459700
229,Bobby_Bitch,60,18,447.2K,0.7692307692307693,447200
230,Crack_Rock,42,6,447.7K,0.875,447700
231,Fergalicious,15,113,446.5K,0.1171875,446500
232,ZIPPER,40,36,443.5K,0.5263157894736842,443500
233,Walk,22,8,422.9K,0.7333333333333333,422900
234,No_Hands,23,71,409.5K,0.24468085106382978,409500
235,The_Light,44,46,408.2K,0.4888888888888889,408200
236,What_in_XXXTarnation,53,35,403.1K,0.6022727272727273,403100
237,Pour_It_Up,22,48,395K,0.3142857142857143,395000
238,Dilemma,18,105,450.2K,0.14634146341463414,450200
239,Business,60,73,390.9K,0.45112781954887216,390900
240,X_Gon_Give_It_to_Ya,30,62,402.3K,0.32608695652173914,402300
241,DEvils,69,29,393.3K,0.7040816326530612,393300
242,Ride_wit_Me,13,121,393.4K,0.09701492537313433,393400
243,GUMMY,55,40,382K,0.5789473684210527,382000
244,Hard_Knock_Life_Ghetto_Anthem,61,24,381.9K,0.7176470588235294,381900
245,One_Minute,43,20,373.5K,0.6825396825396826,373500
246,Legend_Has_It,72,40,370.2K,0.6428571428571429,370200
247,Ice_Ice_Baby,48,48,390.2K,0.5,390200
248,Can_I_Live,61,14,373.7K,0.8133333333333334,373700
249,Omert,56,18,424.4K,0.7567567567567568,424400
250,We_Dont_Care,71,19,363.4K,0.7888888888888889,363400
251,RIP__My_Youth,48,7,369K,0.8727272727272727,369000
252,Back_That_Azz_Up,46,55,373.9K,0.45544554455445546,373900
253,I_dont_let_go,5,41,361.7K,0.10869565217391304,361700
254,Nightmare,101,32,354.7K,0.7593984962406015,354700
255,Ready_or_Not,44,30,352.7K,0.5945945945945946,352700
256,RENTAL,40,32,343.9K,0.5555555555555556,343900
257,monster,44,45,344.4K,0.4943820224719101,344400
258,Slingshot,9,27,339.3K,0.25,339300
259,Aquemini,92,1,342.5K,0.989247311827957,342500
260,Bands,40,11,330.2K,0.7843137254901961,330200
261,Provider,36,42,345.1K,0.46153846153846156,345100
262,I_Wish,56,65,333K,0.4628099173553719,333000
263,Buy_U_A_Drank_Shawty_Snappin,46,41,328.9K,0.5287356321839081,328900
264,Dead_Presidents_II,55,52,316.7K,0.514018691588785,316700
265,Confessions_of_a_Dangerous_Mind,33,89,325.9K,0.27049180327868855,325900
266,Spell_It_Out,19,3,308.5K,0.8636363636363636,308500
267,Panini,22,13,364.4K,0.6285714285714286,364400
268,Ive_Been_Waiting,5,86,308.7K,0.054945054945054944,308700
269,Marmalade,27,65,307.3K,0.29347826086956524,307300
270,Did_It_Onem,72,18,308.5K,0.8,308500
271,ATLiens,68,9,304K,0.8831168831168831,304000
272,Calling_My_Spirit,18,46,317.5K,0.28125,317500
273,Encore,28,63,302.3K,0.3076923076923077,302300
274,BMF_Blowin_Money_Fast,44,43,297.8K,0.5057471264367817,297800
275,The_New_Workout_Plan,39,91,295.5K,0.3,295500
276,Sabotage,16,86,285.8K,0.1568627450980392,285800
277,I_Just_Wanna_Love_U_Give_it__Me,85,35,289.2K,0.7083333333333334,289200
278,i_miss_the_old_u,17,76,296.1K,0.1827956989247312,296100
279,The_Search,31,60,338.2K,0.34065934065934067,338200
280,Mask_On_Remix,41,115,278.4K,0.26282051282051283,278400
281,Bitch_Suck_Dick,12,64,276.8K,0.15789473684210525,276800
282,Keep_It_Mello,3,86,271.8K,0.033707865168539325,271800
283,Issa,50,131,274.4K,0.27624309392265195,274400
284,Shade,25,58,280.9K,0.30120481927710846,280900
285,Can_I_Get_A,26,108,273.3K,0.19402985074626866,273300
286,So_Fresh_So_Clean,95,10,273.7K,0.9047619047619048,273700
287,BOB,84,30,272.5K,0.7368421052631579,272500
288,Vossi_Bop,51,35,287K,0.5930232558139535,287000
289,Transylvania,26,61,263.3K,0.2988505747126437,263300
290,JOUVERT,18,88,263.7K,0.16981132075471697,263700
291,HOC,61,30,258.9K,0.6703296703296703,258899
292,Dirt_Off_Your_Shoulder,54,31,258.2K,0.6352941176470588,258200
293,Golden,19,118,248.7K,0.1386861313868613,248700
294,Party_Up_Up_In_Here,28,96,250.7K,0.22580645161290322,250700
295,Jeremas_,54,56,253.9K,0.4909090909090909,253900
296,Victory,43,112,240K,0.27741935483870966,240000
297,NEW_ORLEANS,20,83,248.1K,0.1941747572815534,248100
298,SpottieOttieDopaliscious,52,30,240.4K,0.6341463414634146,240400
299,Costa_Rica,54,60,347.1K,0.47368421052631576,347100
300,Under_the_Sun,41,38,384.1K,0.5189873417721519,384100
301,Ruff_Ryders_Anthem,22,60,237K,0.2682926829268293,237000
302,Warm_Enough,65,13,231.4K,0.8333333333333334,231400
303,Pretty_Sweet,22,13,230.7K,0.6285714285714286,230700
304,Power_Is_Power,27,46,244.3K,0.3698630136986301,244300
305,Feelin_It,60,38,229.2K,0.6122448979591837,229200
306,Ms_Fat_Booty,30,65,238K,0.3157894736842105,238000
307,Lalala,10,45,340.4K,0.18181818181818182,340400
308,Nobody_Speak,53,17,226.5K,0.7571428571428571,226500
309,Rodeo,6,50,274.2K,0.10714285714285714,274200
310,Gramme__Peuf,31,78,224K,0.28440366972477066,224000
311,CRASH_BASH,4,134,231.8K,0.028985507246376812,231800
312,Ransom,28,18,305.9K,0.6086956521739131,305900
313,Tricheur,66,23,261.2K,0.7415730337078652,261200
314,Grand_Paris,181,49,217.8K,0.7869565217391304,217800
315,Graine_de_sablier,59,6,219.7K,0.9076923076923077,219700
316,You_Dont_Know,45,65,212.5K,0.4090909090909091,212500
317,Hows_It_Goin_Down,80,76,215.6K,0.5128205128205128,215600
318,Country_Grammar_Hot_Shit,38,85,211.8K,0.3089430894308943,211800
319,Cross_Me,10,123,244.7K,0.07518796992481203,244700
320,DEATHCAMP,56,8,205.8K,0.875,205800
321,Obsessed,31,45,212.2K,0.40789473684210525,212200
322,Rosa_Parks,93,30,206.2K,0.7560975609756098,206200
323,Elevators_Me__You,91,11,203K,0.8921568627450981,203000
324,Come_Down,50,12,215.2K,0.8064516129032258,215200
325,Bonjour,0,0,199.8K,,199800
326,WEIGHT,46,44,200.9K,0.5111111111111111,200900
327,Cruise_Remix,4,66,196.8K,0.05714285714285714,196800
328,I_Got_Top_In_Bikini_Bottom,23,29,195.8K,0.4423076923076923,195800
329,Freak_Hoe,0,90,199K,0.0,199000
330,Sally_Walker,44,22,260.1K,0.6666666666666666,260100
331,No_Vaseline,143,4,1.3M,0.9727891156462585,1300000
332,Neighbors,88,6,1.3M,0.9361702127659575,1300000
333,Let_You_Down,45,43,1.3M,0.5113636363636364,1300000
334,Feel_Good_Inc,53,34,1.3M,0.6091954022988506,1300000
335,Hive,50,50,1.3M,0.5,1300000
336,Swang,22,35,1.2M,0.38596491228070173,1200000
337,BAD,3,25,1.2M,0.10714285714285714,1200000
338,XXL_Freshmen__Cypher__Part_,42,85,1.2M,0.33070866141732286,1200000
339,Bitch_Lasagna,39,6,1.2M,0.8666666666666667,1200000
340,Tuesday,91,8,1.2M,0.9191919191919192,1200000
341,Hey_Ya,38,32,1.2M,0.5428571428571428,1200000
342,Money,24,125,1.2M,0.1610738255033557,1200000
343,XXL_Freshmen__Cypher__Part_,21,54,1.1M,0.28,1100000
344,Club_Going_Up_on_a_Tuesday,38,5,1.1M,0.8837209302325582,1100000
345,All_Falls_Down,89,11,1.1M,0.89,1100000
346,BILLY,21,27,1M,0.4375,1000000
347,Wow,42,11,1.1M,0.7924528301886793,1100000
348,Paris,21,14,1M,0.6,1000000
349,My_Name_Is,82,13,1M,0.8631578947368421,1000000
350,She,49,44,991.5K,0.5268817204301075,991500
351,_Problems,61,26,985.1K,0.7011494252873564,985100
352,CLOUT_COBAIN__CLOUT_COAN,53,16,492.4K,0.7681159420289855,492400
353,GOLD,76,34,485.7K,0.6909090909090909,485700
354,Veleno_,78,23,502.5K,0.7722772277227723,502500
355,Peek_a_Boo,34,97,476K,0.2595419847328244,476000
356,Heard_Em_Say,49,8,471.2K,0.8596491228070176,471200
357,STAR,70,8,473.6K,0.8974358974358975,473600
358,NEW_MAGIC_WAND,36,44,475.1K,0.45,475100
359,M_She_Wrote,13,26,464.7K,0.3333333333333333,464700
360,Stupid_Hoe,55,27,453K,0.6707317073170732,453000
361,Love_the_Way_You_Lie_Pt_II,51,23,459.8K,0.6891891891891891,459800
362,Bobby_Bitch,60,18,447.3K,0.7692307692307693,447300
363,Crack_Rock,42,6,447.9K,0.875,447900
364,Fergalicious,15,113,446.7K,0.1171875,446700
365,ZIPPER,40,36,443.8K,0.5263157894736842,443800
366,Walk,22,8,423.5K,0.7333333333333333,423500
367,No_Hands,23,71,409.6K,0.24468085106382978,409600
368,The_Light,44,46,408.2K,0.4888888888888889,408200
369,What_in_XXXTarnation,53,35,403.2K,0.6022727272727273,403200
370,Pour_It_Up,22,48,395.1K,0.3142857142857143,395100
371,Dilemma,18,105,451K,0.14634146341463414,451000
372,Business,60,73,391.1K,0.45112781954887216,391100
373,X_Gon_Give_It_to_Ya,30,62,402.5K,0.32608695652173914,402500
374,DEvils,69,29,393.4K,0.7040816326530612,393400
375,Ride_wit_Me,13,121,393.6K,0.09701492537313433,393600
376,GUMMY,55,40,382.2K,0.5789473684210527,382200
377,Hard_Knock_Life_Ghetto_Anthem,61,24,382.1K,0.7176470588235294,382100
378,One_Minute,43,20,373.7K,0.6825396825396826,373700
379,Legend_Has_It,72,40,370.4K,0.6428571428571429,370400
380,Ice_Ice_Baby,48,48,390.5K,0.5,390500
381,Can_I_Live,61,14,373.9K,0.8133333333333334,373900
382,Omert,56,18,425.6K,0.7567567567567568,425600
383,We_Dont_Care,71,19,363.5K,0.7888888888888889,363500
384,RIP__My_Youth,48,7,369.2K,0.8727272727272727,369200
385,Back_That_Azz_Up,46,55,374.1K,0.45544554455445546,374100
386,I_dont_let_go,5,41,361.9K,0.10869565217391304,361900
387,Nightmare,101,32,354.8K,0.7593984962406015,354800
388,Ready_or_Not,44,30,352.9K,0.5945945945945946,352900
389,RENTAL,40,32,344.1K,0.5555555555555556,344100
390,monster,37,52,344.7K,0.4157303370786517,344700
391,Slingshot,9,27,339.4K,0.25,339400
392,Aquemini,92,1,342.7K,0.989247311827957,342700
393,Bands,40,11,330.3K,0.7843137254901961,330300
394,Provider,36,42,345.4K,0.46153846153846156,345400
395,I_Wish,56,65,333K,0.4628099173553719,333000
396,Buy_U_A_Drank_Shawty_Snappin,46,41,329K,0.5287356321839081,329000
397,Dead_Presidents_II,55,52,316.8K,0.514018691588785,316800
398,Confessions_of_a_Dangerous_Mind,33,89,326.6K,0.27049180327868855,326600
399,Spell_It_Out,19,3,308.5K,0.8636363636363636,308500
400,Panini,22,13,368.8K,0.6285714285714286,368800
401,Ive_Been_Waiting,5,86,309.1K,0.054945054945054944,309100
402,Marmalade,27,65,307.3K,0.29347826086956524,307300
403,Did_It_Onem,72,18,308.5K,0.8,308500
404,ATLiens,68,9,304.2K,0.8831168831168831,304200
405,Calling_My_Spirit,18,46,317.8K,0.28125,317800
406,Encore,28,63,302.4K,0.3076923076923077,302400
407,BMF_Blowin_Money_Fast,44,43,297.8K,0.5057471264367817,297800
408,The_New_Workout_Plan,39,91,295.6K,0.3,295600
409,Sabotage,16,86,285.8K,0.1568627450980392,285800
410,I_Just_Wanna_Love_U_Give_it__Me,85,35,289.3K,0.7083333333333334,289300
411,i_miss_the_old_u,17,76,296.3K,0.1827956989247312,296300
412,The_Search,31,60,340.3K,0.34065934065934067,340300
413,Mask_On_Remix,41,115,278.6K,0.26282051282051283,278600
414,Bitch_Suck_Dick,12,64,276.8K,0.15789473684210525,276800
415,Keep_It_Mello,3,86,271.8K,0.033707865168539325,271800
416,Issa,50,131,274.5K,0.27624309392265195,274500
417,Shade,25,58,281K,0.30120481927710846,281000
418,ET_Remix,27,67,199.9K,0.2872340425531915,199900
419,Hot_in_Herre,11,90,200.8K,0.10891089108910891,200800
420,_til_Infinity,38,106,192.7K,0.2638888888888889,192700
421,Lil_Bebe,18,50,204.8K,0.2647058823529412,204800
422,Sesame_Street,5,26,187.9K,0.16129032258064516,187900
423,MEGATRON,13,75,225.5K,0.14772727272727273,225500
424,Da_Art_of_Storytellin_Pt_,57,11,194.1K,0.8382352941176471,194100
425,XXL_Freshmen__Cypher__Part_,38,33,196.6K,0.5352112676056338,196600
426,What_These_Bitches_Want,57,36,189.9K,0.6129032258064516,189900
427,Location,29,82,191.6K,0.26126126126126126,191600
428,Put_it_On_Me,15,77,189.5K,0.16304347826086957,189500
429,Jump_Around,22,67,181.7K,0.24719101123595505,181700
430,FlatBed_Freestyle,22,41,184.5K,0.3492063492063492,184500
431,Welcome_to_Jamrock,55,20,176.1K,0.7333333333333333,176100
432,Billionaire,17,64,176.7K,0.20987654320987653,176700
433,Numb_Numb_Juice,12,33,202.9K,0.26666666666666666,202900
434,Intro,60,10,170.1K,0.8571428571428571,170100
435,Burger,51,57,166.8K,0.4722222222222222,166800
436,Rover_,10,89,169.9K,0.10101010101010101,169900
437,Intergalactic,43,52,163.9K,0.45263157894736844,163900
438,Jazz_Weve_Got,63,41,166.1K,0.6057692307692307,166100
439,Cum_on_Everybody,118,34,164.2K,0.7763157894736842,164200
440,Almeda,16,75,195K,0.17582417582417584,195000
441,Toka,77,82,161.5K,0.48427672955974843,161500
442,Somebodys_Gotta_Die,21,90,159K,0.1891891891891892,159000
443,DISTRICT,61,44,155.1K,0.580952380952381,155100
444,Bad_Boy,0,73,153.9K,0.0,153900
445,Fuck_It_I_Dont_Want_You_Back,39,28,153K,0.582089552238806,153000
446,Frontin,9,58,153.8K,0.13432835820895522,153800
447,Move_Bitch,63,36,150.2K,0.6363636363636364,150200
448,Dmelo,40,16,147.2K,0.7142857142857143,147200
449,Started,4,65,220.3K,0.057971014492753624,220300
450,_Twos,36,40,149.1K,0.47368421052631576,149100
451,Ma_meilleure_amie,35,12,146.6K,0.7446808510638298,146600
452,Shenanigans,0,59,150.1K,0.0,150100
453,GOAT,53,67,143.7K,0.44166666666666665,143700
454,Stronger_than_Ever,17,33,142.3K,0.34,142300
455,Evil_Deeds,72,23,138K,0.7578947368421053,138000
456,Fume__Fond,39,16,138.7K,0.7090909090909091,138700
457,Illest_Bitch,10,51,136.3K,0.16393442622950818,136300
458,Name_in_the_Sand,12,47,147.1K,0.2033898305084746,147100
459,Basique,39,13,136.8K,0.75,136800
460,Capo,33,46,146.1K,0.4177215189873418,146100
461,Biking_Solo,58,43,151.6K,0.5742574257425742,151600
462,Bring_It_Back,18,82,134.4K,0.18,134400
463,Nasty_Girl,12,117,136.3K,0.09302325581395349,136300
464,RICKY,48,11,148.5K,0.8135593220338984,148500
465,Grindin,29,68,132.6K,0.29896907216494845,132600
466,Jump,70,33,134.1K,0.6796116504854369,134100
467,Shawty,2,83,130.6K,0.023529411764705882,130600
468,Who_You_Are_Soph_Aspin_Send,7,30,128.5K,0.1891891891891892,128500
469,My_Fault,60,48,128.2K,0.5555555555555556,128199
470,For_Hot_,54,72,126.1K,0.42857142857142855,126100
471,Yellow,11,35,144.3K,0.2391304347826087,144300
472,Dans_lunivers,25,39,168.4K,0.390625,168400
473,BERLIN,39,46,128.8K,0.4588235294117647,128800
474,EI,28,87,128.9K,0.24347826086956523,128900
475,Winaloto,41,8,124.2K,0.8367346938775511,124200
476,Love_Is_Only_a_Feeling,14,34,125.6K,0.2916666666666667,125600
477,Summertime_Magic,17,56,131.8K,0.2328767123287671,131800
478,Just_a_Dream,12,73,123.9K,0.1411764705882353,123900
479,Uncomfortable,66,6,121.2K,0.9166666666666666,121200
480,Doin_Time,52,12,122.1K,0.8125,122100
481,Change_Clothes,22,68,122.3K,0.24444444444444444,122300
482,U_Cant_Touch_This,12,82,120.3K,0.1276595744680851,120300
483,Aint_No_Nigga,49,68,119.3K,0.4188034188034188,119300
484,IGOT,8,98,118.5K,0.07547169811320754,118500
485,Grillz,13,85,121.2K,0.1326530612244898,121200
486,Black_Friday,88,44,117.6K,0.6666666666666666,117600
487,Mama_Cry,8,45,156K,0.1509433962264151,156000
488,LamboTruck,21,90,157K,0.1891891891891892,157000
489,Contre_nous,93,46,114.8K,0.6690647482014388,114800
490,Forever_Young,6,51,116.9K,0.10526315789473684,116900
491,Paul_Revere,12,58,113.2K,0.17142857142857143,113200
492,Regrets,45,47,115.3K,0.4891304347826087,115300
493,The_Message,27,56,121.7K,0.3253012048192771,121700
494,Gettin_Jiggy_wit_It,34,79,112.7K,0.3008849557522124,112700
495,Kick_Off_Freestyle,101,115,119.4K,0.4675925925925926,119400
496,Musique_ngre,116,24,112.3K,0.8285714285714286,112300
497,Get_Ur_Freak_On,46,34,114.1K,0.575,114100
498,Like_a_G,45,28,120.4K,0.6164383561643836,120400
499,THUG_LIFE,23,23,110.7K,0.5,110700
500,,75,24,109.8K,0.7575757575757576,109800
501,Return_of_the_G,60,11,109.7K,0.8450704225352113,109700
502,Damn_It_Feels_Good_to_Be_a_Gangsta,24,50,110.2K,0.32432432432432434,110200
503,Whoomp_There_It_Is,11,112,108.5K,0.08943089430894309,108500
504,UNITY,25,75,105.9K,0.25,105900
505,Selfie,45,18,105.5K,0.7142857142857143,105500
506,NI_BIEN_NI_MAL,1,68,133K,0.014492753623188406,133000
507,Glamorous,21,74,109.5K,0.22105263157894736,109500
508,Let_It_Eat,8,45,103.2K,0.1509433962264151,103200
509,Cupids_Chokehold__Breakfast_in_America,65,13,103.7K,0.8333333333333334,103700
510,Bring_It_On,50,77,102.6K,0.3937007874015748,102600
511,Beautiful,11,100,106.7K,0.0990990990990991,106700
512,I_Dont_Wanna_Know,9,57,101.6K,0.13636363636363635,101600
513,WELCOME_TO_MY_MINE,21,36,105.3K,0.3684210526315789,105300
514,I_Must_Be_High,3,66,103K,0.043478260869565216,103000
515,Paisanos_Wylin,76,19,98.1K,0.8,98100
516,Flossin,0,131,103.3K,0.0,103300
517,On_the_Regular,44,37,101K,0.5432098765432098,101000
518,Piped_Up,14,45,96.8K,0.23728813559322035,96800
519,Imperial,55,85,106.9K,0.39285714285714285,106900
520,Slump,25,59,96.2K,0.2976190476190476,96200
521,LOCO,5,58,95.4K,0.07936507936507936,95400
522,Dangerous,7,50,102.7K,0.12280701754385964,102700
523,When_I_Grow_Up,66,25,241.4K,0.7252747252747253,241400
524,Wobble_Up,62,53,99.8K,0.5391304347826087,99800
525,Steak_Sauce,27,59,93.9K,0.313953488372093,93900
526,New_York,29,76,95.6K,0.2761904761904762,95600
527,London_Bridge,10,81,99.9K,0.10989010989010989,99900
528,The_Way_You_Move,23,48,95.9K,0.323943661971831,95900
529,Owee,3,72,95.2K,0.04,95200
530,Piano_sombre,25,18,94.9K,0.5813953488372093,94900
531,Tipsy,7,78,97.6K,0.08235294117647059,97600
532,Dernier_MC,112,20,93.2K,0.8484848484848485,93200
533,Savior,1,108,95.2K,0.009174311926605505,95200
534,Jazzy_Belle,61,20,94.2K,0.7530864197530864,94200
535,BUMP,29,34,91.3K,0.4603174603174603,91300
536,TAPE,25,59,93.2K,0.2976190476190476,93200
537,Run_It_Back,7,37,96.1K,0.1590909090909091,96100
538,Accelerate,8,131,89.4K,0.05755395683453238,89400
539,Cest_La_Mort,60,110,93.1K,0.35294117647058826,93100
540,Orbit,0,65,86.9K,0.0,86900
541,A_Life_in_the_Day_of_Benjamin_Andr_Incomplete,97,41,88.1K,0.7028985507246377,88100
542,Thotiana_Remix,13,40,142.3K,0.24528301886792453,142300
543,You_Cant_Stop_Me,54,49,89.8K,0.5242718446601942,89800
544,WHERE_THE_CASH_AT,6,60,87.7K,0.09090909090909091,87700
545,Bb,0,80,92.1K,0.0,92100
546,Goodbye,7,70,89.1K,0.09090909090909091,89100
547,The_Rain,5,49,84.9K,0.09259259259259259,84900
548,Money_Cash_Hoes,56,72,86.5K,0.4375,86500
549,Nice__Slow,13,54,91.9K,0.19402985074626866,91900
550,Bet,5,61,91.4K,0.07575757575757576,91400
551,Pretty_Boy_Swag,12,63,88.4K,0.16,88400
552,Bitchuary,18,34,226.4K,0.34615384615384615,226400
553,Players_Ball,58,38,84.9K,0.6041666666666666,84900
554,Git_Up_Git_Out,118,45,84.8K,0.7239263803680982,84800
555,What_We_Do,13,74,83.7K,0.14942528735632185,83700
556,No_Diet,21,46,94K,0.31343283582089554,94000
557,Good_Cop_Bad_Cop,38,40,82.2K,0.48717948717948717,82200
558,Gossip_Folks,83,54,82.8K,0.6058394160583942,82800
559,Uno_Dos,8,51,83.8K,0.13559322033898305,83800
560,Ha,28,69,82.1K,0.28865979381443296,82100
561,Get_Mine,41,48,80.2K,0.4606741573033708,80200
562,Wow,12,62,79K,0.16216216216216217,79000
563,Aliens_Are_Ghosts,12,24,84.4K,0.3333333333333333,84400
564,Apologize,23,5,80.6K,0.8214285714285714,80600
565,Da_Art_of_Storytellin_Pt_,39,13,79.9K,0.75,79900
566,Take_It_All_Back_,25,10,77.8K,0.7142857142857143,77800
567,Cuando_Vayas_Conmigo,53,28,79.8K,0.654320987654321,79800
568,Friend_or_Foe,14,25,78.6K,0.358974358974359,78600
569,Trust_Me,3,53,76.8K,0.05357142857142857,76800
570,The_Whole_World,21,82,77K,0.20388349514563106,77000
571,Streatham,58,15,108.1K,0.7945205479452054,108100
572,CHopstix,29,30,86.9K,0.4915254237288136,86900
573,Fight_for_Your_Right,1,28,74.3K,0.034482758620689655,74300
574,Nigga_What_Nigga_Who_Originator_,46,138,74.3K,0.25,74300
575,Chi_Chi,11,64,83.7K,0.14666666666666667,83700
576,En_El_Valle_De_Las_Sombras,40,123,90.4K,0.24539877300613497,90400
577,Coming_of_Age,8,118,73.4K,0.06349206349206349,73400
578,Demi,1,35,73.3K,0.027777777777777776,73300
579,Psycho,63,32,78.6K,0.6631578947368421,78600
580,Pensando_En_Ti,2,70,76.8K,0.027777777777777776,76800
581,Sale_Mood,6,59,80.6K,0.09230769230769231,80600
582,Check_on_It_LP_Version,1,90,72.9K,0.01098901098901099,72900
583,_rings_Remix,21,51,78.5K,0.2916666666666667,78500
584,CUTTHROAT_SMILE,45,40,74.7K,0.5294117647058824,74700
585,Urbanisme,65,45,72.5K,0.5909090909090909,72500
586,Trap_Medals,8,110,76.9K,0.06779661016949153,76900
587,Cashmere_Thoughts,27,56,73.2K,0.3253012048192771,73200
588,Send_Bobs,0,44,72.5K,0.0,72500
589,LATELY,7,52,71.2K,0.11864406779661017,71200
590,Pause,1,39,72.8K,0.025,72800
591,Apache_Jump_on_It,33,55,83.4K,0.375,83400
592,Bella,5,58,73.9K,0.07936507936507936,73900
593,Tequila,18,31,73.8K,0.3673469387755102,73800
594,Walk_Man,10,50,77.7K,0.16666666666666666,77700
595,Cupid_Shuffle,6,90,70.3K,0.0625,70300
596,Project_Dreams,9,46,136.7K,0.16363636363636364,136700
597,Streets_Is_Watching,21,83,68.7K,0.20192307692307693,68700
598,Chun_Li,16,74,68.9K,0.17777777777777778,68900
599,De_La_Vida_Como_Pelcula_Y_Su_Tragedia_Comedia_Y_Ficcin,31,139,89.5K,0.18235294117647058,89500
600,Liberation,61,55,69.6K,0.5258620689655172,69600
601,I_Wish,15,120,69K,0.1111111111111111,69000
602,Binks_to_Binks_Part_,24,60,80K,0.2857142857142857,80000
603,I_Dont_Give_a_Fucc,0,175,68.9K,0.0,68900
604,Freddy_Krueger,5,83,88.2K,0.056818181818181816,88200
605,Babylon,65,26,67K,0.7142857142857143,67000
606,Hollywood_Whore,27,47,81.9K,0.36486486486486486,81900
607,th_Floor__Growing_Old,85,46,66.6K,0.648854961832061,66600
608,My_Baby,3,53,68.1K,0.05357142857142857,68100
609,No_Flex,22,40,65.5K,0.3548387096774194,65500
610,Paganini,43,49,64.2K,0.4673913043478261,64200
611,_cest_le_Bara,64,24,64.1K,0.7272727272727273,64099
612,Two_Dope_Boyz_In_a_Cadillac,52,23,65.1K,0.6933333333333334,65099
613,Beef_FloMix,39,21,69.4K,0.65,69400
614,Southernplayalisticadillacmuzik,55,44,64.7K,0.5555555555555556,64700
615,Skew_It_on_the_BarB,62,33,64.5K,0.6526315789473685,64500
616,STAR_WARS,52,37,117.9K,0.5842696629213483,117900
617,CrasH,25,52,87.8K,0.3246753246753247,87800
618,molly,7,94,70.6K,0.06930693069306931,70600
619,Pull_Up,15,100,66.5K,0.13043478260869565,66500
620,Death_Note,13,68,72.8K,0.16049382716049382,72800
621,Air_Force_Ones,9,88,63.2K,0.09278350515463918,63200
622,Pump_It,7,119,65.5K,0.05555555555555555,65500
623,U_Dont_Have_to_Call,47,44,62.4K,0.5164835164835165,62400
624,Fortnite,27,75,60.4K,0.2647058823529412,60400
625,Money_Aint_a_Thang,21,88,62.7K,0.1926605504587156,62700
626,Balaclava,10,59,131.3K,0.14492753623188406,131300
627,Crown,9,62,76.4K,0.1267605633802817,76400
628,_MPH,10,49,72.5K,0.1694915254237288,72500
629,Gimme_Some_More,25,73,60.6K,0.25510204081632654,60600
630,Cruella,44,25,58.2K,0.6376811594202898,58200
631,Dangerous,19,15,77.6K,0.5588235294117647,77600
632,Come_Close,14,56,58.5K,0.2,58500
633,The_Corner,42,44,58.5K,0.4883720930232558,58500
634,Mistadobalina,58,44,57K,0.5686274509803921,57000
635,Hootie_Hoo,40,46,57.7K,0.46511627906976744,57700
636,Synthesizer,43,80,57.8K,0.34959349593495936,57800
637,Disaster,23,65,65.5K,0.26136363636363635,65500
638,Quest_ce_que_tas,1,53,56.9K,0.018518518518518517,56900
639,BAPS,18,65,63.4K,0.21686746987951808,63400
640,Dammi_Un_Motivo,19,80,73.3K,0.1919191919191919,73300
641,U_Know_Whats_Up_Remix,7,82,56K,0.07865168539325842,56000
642,_Luz,18,75,58.8K,0.1935483870967742,58800
643,_lhorizon,28,45,55.1K,0.3835616438356164,55100
644,GUMMO_Remix,34,44,54.6K,0.4358974358974359,54600
645,Fire_In_The_Booth_Part_II,72,100,54.9K,0.4186046511627907,54900
646,Set_Adrift_on_Memory_Bliss,12,62,54.7K,0.16216216216216217,54700
647,el_Diablo,15,54,69.2K,0.21739130434782608,69200
648,Lets_Get_it_Started,7,74,59.7K,0.08641975308641975,59700
649,Tap_Dance,26,26,54K,0.5,54000
650,Missing_You,6,52,53.3K,0.10344827586206896,53300
651,Maquiavlico,11,79,57.4K,0.12222222222222222,57400
652,I_Wish__Remix_To_the_Homies_That_We_Lost,11,128,54.5K,0.07913669064748201,54500
653,Catch_A_Body,36,145,53.6K,0.19889502762430938,53600
654,Slow_Motion,21,49,57.7K,0.3,57700
655,Chonkyfire,38,30,53.8K,0.5588235294117647,53800
656,Crenshaw_and_Slauson_True_Story,16,152,70.9K,0.09523809523809523,70900
657,The_Jump_Off,15,70,53.9K,0.17647058823529413,53900
658,Go_Go_Tape,2,86,59.6K,0.022727272727272728,59600
659,More,13,50,52.8K,0.20634920634920634,52800
660,Screwface_Capital,16,50,59K,0.24242424242424243,59000
661,Mamacita,47,74,50.5K,0.3884297520661157,50500
662,Streaky,24,79,50.1K,0.23300970873786409,50100
663,Thats_Life,19,45,60K,0.296875,60000
664,The_Art_of_Storytellin_Part_,57,20,49.6K,0.7402597402597403,49600
665,Self,23,8,55.3K,0.7419354838709677,55300
666,Aint_No_Thang,76,62,50.5K,0.5507246376811594,50500
667,Bestie,5,55,68.3K,0.08333333333333333,68300
668,Might_Cop_A_Jag,27,11,49.5K,0.7105263157894737,49500
669,Coke_Nails,12,62,50.5K,0.16216216216216217,50500
670,One_Minute_Man,21,70,49.8K,0.23076923076923078,49800
671,Bella_Ciao_Bonus_Track,27,52,48.6K,0.34177215189873417,48600
672,_Bonnie__Clyde,33,80,51.3K,0.2920353982300885,51300
673,Us,4,33,50.3K,0.10810810810810811,50300
674,_Grammys_Performance,0,1,48.2K,0.0,48200
675,CoastClear,14,62,49.6K,0.18421052631578946,49600
676,Clean,2,42,49.3K,0.045454545454545456,49300
677,Human_Sacrifice,3,83,48.3K,0.03488372093023256,48300
678,West_Savannah,30,41,48.6K,0.4225352112676056,48600
679,Never_Land,49,60,47.3K,0.44954128440366975,47300
680,Walk_Remix,8,65,50.3K,0.1095890410958904,50300
681,Testify,21,33,47.8K,0.3888888888888889,47800
682,Intro,25,9,48.8K,0.7352941176470589,48800
683,GhettoMusick,23,61,48K,0.27380952380952384,48000
684,Hollywood_Divorce,21,97,47.3K,0.17796610169491525,47300
685,IDK,20,34,46.5K,0.37037037037037035,46500
686,Jumanji,7,60,47.8K,0.1044776119402985,47800
687,Je_ne_comprends_pas,18,112,46K,0.13846153846153847,46000
688,Gasoline_Dreams,73,17,47K,0.8111111111111111,47000
689,Slide,9,143,48.6K,0.05921052631578947,48600
690,Wheelz_of_Steel,37,27,46.8K,0.578125,46800
691,Black,14,52,50.1K,0.21212121212121213,50100
692,Lesley,13,209,50.6K,0.05855855855855856,50600
693,Obama,14,48,45.6K,0.22580645161290322,45600
694,The_Goofy_Goober_Song,7,12,49.7K,0.3684210526315789,49700
695,Valise,38,79,45.3K,0.3247863247863248,45300
696,Jizz_in_My_Pants,1,76,47.4K,0.012987012987012988,47400
697,Livin_it_Up,6,112,45K,0.05084745762711865,45000
698,G_Funk_Intro,9,50,45.6K,0.15254237288135594,45600
699,Querer_Querernos_Versin_Acstica,6,77,44.1K,0.07228915662650602,44100
700,Jolie,24,17,46.5K,0.5853658536585366,46500
701,Humble_Mumble,58,45,44.6K,0.5631067961165048,44600
702,Rapture,15,38,46.4K,0.2830188679245283,46400
703,Get_It_Right,18,46,44K,0.28125,44000
704,The_Distance,20,33,44.3K,0.37735849056603776,44300
705,Freestyler,36,33,43.7K,0.5217391304347826,43700
706,Dont_Sweat_the_Technique,39,20,43K,0.6610169491525424,43000
707,_Blackmail,32,34,85.8K,0.48484848484848486,85800
708,Priorities,4,101,43.9K,0.0380952380952381,43900
709,,11,85,57.6K,0.11458333333333333,57600
710,Over_and_Over,0,120,46.8K,0.0,46800
711,In_My_View,33,37,45K,0.4714285714285714,45000
712,Aint_Goin_Back,7,86,49.8K,0.07526881720430108,49800
713,Lighters_Up,19,98,42.5K,0.1623931623931624,42500
714,Barme,50,37,41.4K,0.5747126436781609,41400
715,Cash_Shit,4,51,58.2K,0.07272727272727272,58200
716,Mainstream,76,42,41K,0.6440677966101694,41000
717,why_you_gotta_kick_me_when_im_down,59,8,52.5K,0.8805970149253731,52500
718,Violent,1,75,40.6K,0.013157894736842105,40600
719,Like_A_Boss,42,64,40.2K,0.39622641509433965,40200
720,Egg_Man,45,28,39.4K,0.6164383561643836,39400
721,Gas_Face,4,63,44.2K,0.05970149253731343,44200
722,Tommy_Chong,71,9,39.3K,0.8875,39300
723,So_Tree,2,60,39.4K,0.03225806451612903,39400
724,Rose_Clique,6,35,47.8K,0.14634146341463414,47800
725,Goodbyes,8,68,344.7K,0.10526315789473684,344700
726,Get_At_Me_Dog,5,78,39K,0.060240963855421686,39000
727,Lapdance,32,53,38.8K,0.3764705882352941,38800
728,Stuntin_Like_My_Mama,2,54,38.5K,0.03571428571428571,38500
729,Heat,0,140,63.4K,0.0,63400
730,Like_a_Pimp,11,96,39K,0.102803738317757,39000
731,Ce_genre_de_mec,20,24,38K,0.45454545454545453,38000
732,Lve_les_draps,56,31,37.6K,0.6436781609195402,37600
733,Floating,13,58,79.3K,0.18309859154929578,79300
734,NONSENSE,3,24,38.8K,0.1111111111111111,38800
735,Inglorious,52,28,45.9K,0.65,45900
736,Dead_Heat,2,63,39.5K,0.03076923076923077,39500
737,Oye_Mi_Canto,2,110,37.8K,0.017857142857142856,37800
738,Blaxploitation,32,12,40.4K,0.7272727272727273,40400
739,De_Mi_Muerte,9,60,46.6K,0.13043478260869565,46600
740,Love,5,41,37.7K,0.10869565217391304,37700
741,Spot_The_Difference,57,41,47.2K,0.5816326530612245,47200
742,NY_Se_Mumbai,24,113,39.4K,0.17518248175182483,39400
743,Bump_Bump_Bump,8,71,36.7K,0.10126582278481013,36700
744,Freestyle_Couvre_Feu__OKLM,5,243,42.5K,0.020161290322580645,42500
745,Shotta_Flow_Remix,2,77,125.6K,0.02531645569620253,125600
746,Let_It_Rock,11,60,35.1K,0.15492957746478872,35100
747,GTS,6,53,35K,0.1016949152542373,35000
748,Bouldercrest,22,69,44.8K,0.24175824175824176,44800
749,Y_a_rien,17,57,34.3K,0.22972972972972974,34300
750,Beat_It_Up,2,74,34K,0.02631578947368421,34000
751,Stucc_in_the_Grind,13,75,34.8K,0.14772727272727273,34800
752,Law__Order,5,38,33.5K,0.11627906976744186,33500
753,Vent_dtat,0,0,33.5K,,33500
754,Slum_Beautiful,33,24,33.3K,0.5789473684210527,33300
755,We_Luv_Deez_Hoez,38,55,33.5K,0.40860215053763443,33500
756,Drop_Out,11,48,33.7K,0.1864406779661017,33700
757,Y_La_Felicidad_Qu,2,154,38.6K,0.01282051282051282,38600
758,Whats_My_Name,19,59,33.3K,0.24358974358974358,33300
759,Gangsta_Shit,57,73,32.7K,0.43846153846153846,32700
760,Tales,6,50,38.3K,0.10714285714285714,38300
761,Window,10,52,32.3K,0.16129032258064516,32299
762,Millennium,43,29,32.8K,0.5972222222222222,32800
763,Maana_Ser_Otro_Da,0,63,32.3K,0.0,32299
764,Reefah,2,59,32.2K,0.03278688524590164,32200
765,Afro_Puffs,18,112,32.7K,0.13846153846153847,32700
766,Laddition,41,62,31.9K,0.39805825242718446,31900
767,Snappin_and_Trappin,44,63,32K,0.411214953271028,32000
768,Brothers,7,105,35.2K,0.0625,35200
769,_Bars__Gunnin,3,45,33.9K,0.0625,33900
770,Im_So_Hood,8,84,31.2K,0.08695652173913043,31200
771,A_Lot_On_My_Mind,13,53,33.3K,0.19696969696969696,33300
772,DEMAR_DEROZAN,11,22,32.5K,0.3333333333333333,32500
773,Lies,2,60,31.4K,0.03225806451612903,31400
774,Shut_Up,13,132,35.8K,0.0896551724137931,35800
775,Red_Alert,16,58,39.7K,0.21621621621621623,39700
776,Pussy_Money_Weed,21,46,30.9K,0.31343283582089554,30900
777,Paul_Skit_,7,0,30.9K,1.0,30900
778,Crumblin_Erb,57,44,30.9K,0.5643564356435643,30900
779,Put_it_On_Me_Radio_Remix,0,143,31.9K,0.0,31900
780,Damn,8,83,31.5K,0.08791208791208792,31500
781,DN_Freestyle,12,34,30.2K,0.2608695652173913,30200
782,Paco_Rayban,53,37,30.1K,0.5888888888888889,30100
783,Sayn_Seyirciler,0,36,29.5K,0.0,29500
784,Environment,9,50,35.5K,0.15254237288135594,35500
785,Nightmares_Pt_,1,72,31.7K,0.0136986301369863,31700
786,CAN_clip,9,31,31.8K,0.225,31800
787,Black_Ops,6,82,29.6K,0.06818181818181818,29600
788,V,14,26,29.4K,0.35,29400
789,High_Riser,13,30,29.6K,0.3023255813953488,29600
790,Unhappy,25,62,29.7K,0.28735632183908044,29700
791,Nun_of_Dat,9,130,30K,0.06474820143884892,30000
792,TAKE,10,45,29.1K,0.18181818181818182,29100
793,Candy,25,32,78.3K,0.43859649122807015,78300
794,Where_Ya_At,6,39,29.5K,0.13333333333333333,29500
795,Uh_Uh,1,55,30.6K,0.017857142857142856,30600
796,Euroz_Dollaz_Yeniz,24,51,29.9K,0.32,29900
797,YSL,43,17,33.8K,0.7166666666666667,33800
798,Superthug,33,49,29.4K,0.4024390243902439,29400
799,Drunk,2,66,40K,0.029411764705882353,40000
800,Flap_Your_Wings,31,53,28.5K,0.36904761904761907,28500
801,Hero,3,24,28.4K,0.1111111111111111,28400
802,This_Is_Me_The_Reimagined_Remix,1,121,32.9K,0.00819672131147541,32900
803,Check_It_Out,1,68,28.5K,0.014492753623188406,28500
804,On_Fleek,4,75,28.5K,0.05063291139240506,28500
805,Latch,0,77,29.8K,0.0,29800
806,One_Minute_Man_Remix,11,60,28.5K,0.15492957746478872,28500
807,A_Hunnit_A_Show,0,68,28.8K,0.0,28800
808,Favaro,64,25,31.2K,0.7191011235955056,31200
809,YAll_Scared,56,46,28.2K,0.5490196078431373,28200
810,Entre_les_murs,4,85,28.4K,0.0449438202247191,28400
811,emotions,26,16,61.3K,0.6190476190476191,61300
812,Pushing_,4,59,29.1K,0.06349206349206349,29100
813,Communicate,9,56,27.9K,0.13846153846153847,27900
814,Get_Your_Mind_Right,2,59,27.5K,0.03278688524590164,27500
815,Keys__The_City,3,98,28.4K,0.0297029702970297,28400
816,My_Place,24,74,28.4K,0.24489795918367346,28400
817,Planet_Shrooms,12,85,27.6K,0.12371134020618557,27600
818,Stupid_Love_Story,0,101,29.2K,0.0,29200
819,Come_And_Go,1,53,26.7K,0.018518518518518517,26700
820,Rappelletoi,15,57,26K,0.20833333333333334,26000
821,Wiggy,0,109,30.5K,0.0,30500
822,Daily_Duppy_,16,89,30.3K,0.1523809523809524,30300
823,Decatur_Psalm,46,17,26.2K,0.7301587301587301,26200
824,Por_Amor_al_Odio,35,44,25.9K,0.4430379746835443,25900
825,Shake_It_Up,19,106,25.7K,0.152,25700
826,Had,7,16,26.4K,0.30434782608695654,26400
827,Kick_It,0,83,27.6K,0.0,27600
828,Sour_Grapes,6,29,29.6K,0.17142857142857143,29600
829,Oxygen,0,54,26.3K,0.0,26300
830,The_Blast,29,40,26.2K,0.42028985507246375,26200
831,Ill_Call_B_I_Cum,52,15,25.4K,0.7761194029850746,25400
832,Quidam,59,24,26.3K,0.7108433734939759,26300
833,Black_Ice,34,53,25.8K,0.39080459770114945,25800
834,_AM,30,43,25.4K,0.410958904109589,25400
835,So_Thick,2,102,25.2K,0.019230769230769232,25200
836,Dont_Cry_for_Me,7,60,25.9K,0.1044776119402985,25900
837,,36,29,30.1K,0.5538461538461539,30100
838,BENJAMIN_COUNTER,18,18,26K,0.5,26000
839,Red_Velvet,45,24,25.6K,0.6521739130434783,25600
840,Dunya,18,67,25.4K,0.21176470588235294,25400
841,_Days_A_Week,6,39,26.2K,0.13333333333333333,26200
842,Dismiss,3,73,25.3K,0.039473684210526314,25300
843,Purple_Heart,21,18,27.7K,0.5384615384615384,27700
844,Who_Detached_Us,13,58,25.9K,0.18309859154929578,25900
845,Come_Thru,52,61,25.8K,0.46017699115044247,25800
846,Body_Movin,30,44,24.7K,0.40540540540540543,24700
847,ONMYGRANNYKIDS,16,39,26K,0.2909090909090909,26000
848,Na,14,103,28.1K,0.11965811965811966,28100
849,Flashback,11,58,24.9K,0.15942028985507245,24900
850,Mundo_De_Piedra,4,84,26.8K,0.045454545454545456,26800
851,Stay_Safe,8,31,24.8K,0.20512820512820512,24800
852,Death_of_Me,104,18,24.2K,0.8524590163934426,24200
853,Afro_Trap_Pt__Faut_Les_Wet,9,59,24.4K,0.1323529411764706,24400
854,Drama,62,57,28.3K,0.5210084033613446,28300
855,Re_Mida,25,26,26.4K,0.49019607843137253,26400
856,Toilet_Tisha,34,6,24.8K,0.85,24800
857,Ni_De_Oro_Ni_Goldfield,43,25,26.9K,0.6323529411764706,26900
858,Hussle_in_the_House,8,62,32.8K,0.11428571428571428,32800
859,Attention,14,41,33.2K,0.2545454545454545,33200
860,No_Sunshine,21,58,24.5K,0.26582278481012656,24500
861,Spaghetti_Junction,33,43,24.3K,0.4342105263157895,24300
862,Throw_It_All_Away,34,25,24.7K,0.576271186440678,24700
863,Obsessed_Remix,74,19,24.5K,0.7956989247311828,24500
864,Who_Dat,6,66,23.8K,0.08333333333333333,23800
865,romance,0,82,42.3K,0.0,42300
866,Summer_on_Lock,19,78,24.1K,0.1958762886597938,24100
867,Guez_Whoz_Bak,28,61,23.7K,0.3146067415730337,23700
868,Barbeuk,37,22,23.2K,0.6271186440677966,23200
869,Blue_Laces,4,81,30.3K,0.047058823529411764,30300
870,I_BE_DAMNED,11,64,24.4K,0.14666666666666667,24400
871,Black_Cadillac,9,78,23.2K,0.10344827586206896,23200
872,Provider,5,71,23.5K,0.06578947368421052,23500
873,Ova_da_Wudz,55,31,23.5K,0.6395348837209303,23500
874,Ma_go_sure,7,68,29.4K,0.09333333333333334,29400
875,Get_it_on_the_Floor,8,120,23.5K,0.0625,23500
876,Let_The_Drummer_Kick,15,38,24.8K,0.2830188679245283,24800
877,_Eba,15,72,26.8K,0.1724137931034483,26800
878,Tha_Mansion,2,73,37.6K,0.02666666666666667,37600
879,Dipset_Santanas_Town,38,57,23.1K,0.4,23100
880,World_Wide,14,152,22.9K,0.08433734939759036,22900
881,GO_GETTA,7,55,25.9K,0.11290322580645161,25900
882,On_trane,18,77,22.7K,0.18947368421052632,22700
883,Black_Folk,11,40,26.9K,0.21568627450980393,26900
884,ET_Extraterrestrial,38,22,22.7K,0.6333333333333333,22700
885,Xplosion,65,44,22.7K,0.5963302752293578,22700
886,Nothing_Great_About_Britain,30,31,26.4K,0.4918032786885246,26400
887,Bad_Girl,26,86,23.4K,0.23214285714285715,23400
888,Wailin,41,14,22.6K,0.7454545454545455,22600
889,SOLVED_THE_PROBLEM,14,33,24.3K,0.2978723404255319,24300
890,Rock_the_Mic,31,91,22.1K,0.2540983606557377,22100
891,Flip_Flop_Rock,25,111,21.9K,0.18382352941176472,21900
892,No_Rest_For_The_Weary,53,38,22.2K,0.5824175824175825,22200
893,NYLON,11,30,21.9K,0.2682926829268293,21900
894,Voices,1,56,23.8K,0.017543859649122806,23800
895,Change_the_Game,33,62,22.7K,0.3473684210526316,22700
896,Flipside,13,79,22.3K,0.14130434782608695,22300
897,Where_the_Party_At,2,76,22.6K,0.02564102564102564,22600
898,Y_En_Un_Espejo_Vi,43,57,29.5K,0.43,29500
899,X,7,44,21.4K,0.13725490196078433,21400
900,Killa,3,71,26.2K,0.04054054054054054,26200
901,Ill_Bee_Dat,19,85,22.4K,0.18269230769230768,22400
902,Espejo,0,69,21.6K,0.0,21600
903,No_Time,9,89,21.2K,0.09183673469387756,21200
904,Fix_That,3,44,21.6K,0.06382978723404255,21600
905,Livin_These_Days,20,76,21.2K,0.20833333333333334,21200
906,Montego_Bae,5,32,21.1K,0.13513513513513514,21100
907,Individuality_Was_So_Last_Year,6,29,32K,0.17142857142857143,32000
908,GAF,0,62,21.5K,0.0,21500
909,Khuja_Mat,5,141,43.4K,0.03424657534246575,43400
910,You_My_Number_One,2,63,21.7K,0.03076923076923077,21700
911,Llova,16,74,23.1K,0.17777777777777778,23100
912,Nothin,15,102,21.3K,0.1282051282051282,21300
913,Living_It_Up,1,86,20.4K,0.011494252873563218,20400
914,Trophy,1,30,21.1K,0.03225806451612903,21100
915,Part_Ways,4,56,21.1K,0.06666666666666667,21100
916,Northface,11,25,30.4K,0.3055555555555556,30400
917,Morris_Brown,4,123,20.6K,0.031496062992125984,20600
918,Fumier,21,30,20.4K,0.4117647058823529,20400
919,Guilty_Until_Proven_Innocent,27,97,21.5K,0.21774193548387097,21500
920,Dont_Phunk_with_My_Heart,30,78,22.2K,0.2777777777777778,22200
921,Clap_Back,19,131,20.8K,0.12666666666666668,20800
922,Strictly_Business,15,77,20K,0.16304347826086957,20000
923,Jai_vu,16,35,19.8K,0.3137254901960784,19800
924,Security_Check,17,45,19.8K,0.27419354838709675,19800
925,No_Copio,6,70,20.4K,0.07894736842105263,20400
926,Jawbreaker,16,49,20K,0.24615384615384617,20000
927,Kid,0,53,20.4K,0.0,20400
928,DONT_TRUST_ANYONE,16,54,29.2K,0.22857142857142856,29200
929,Find_A_Way,0,99,19.3K,0.0,19300
930,El_Primer_Trago,27,88,21.7K,0.23478260869565218,21700
931,DEEP,65,39,19.7K,0.625,19700
932,Worship,0,51,20.4K,0.0,20400
933,There_it_Go_The_Whistle_Song,7,51,19.5K,0.1206896551724138,19500
934,Teenage_Emotions_Tracklist__Album_Art,20,42,37.8K,0.3225806451612903,37800
935,Call_of_da_Wild,64,53,19.1K,0.5470085470085471,19100
936,Light_Heist,3,113,20.2K,0.02586206896551724,20200
937,Myintrotoletuknow,26,21,19.6K,0.5531914893617021,19600
938,Going_Home,3,50,18.9K,0.05660377358490566,18900
939,Blueprint,20,80,23.7K,0.2,23700
940,Cantaloop_Flip_Fantasia,14,58,21.3K,0.19444444444444445,21300
941,My_People,45,61,18.5K,0.42452830188679247,18500
942,Perdiendo_La_Fe,0,106,19.3K,0.0,19300
943,Jim_Dean,19,59,19.4K,0.24358974358974358,19400
944,None_Of_This,1,102,26.5K,0.009708737864077669,26500
945,Mexican_Radio,8,74,19.8K,0.0975609756097561,19800
946,ProRapSuperstar,14,42,19.6K,0.25,19600
947,Running,0,87,18.7K,0.0,18700
948,Kesha_Dem,6,59,18.3K,0.09230769230769231,18300
949,Maybe,1,46,18.3K,0.02127659574468085,18300
950,FREESMOKE,11,41,18.5K,0.21153846153846154,18500
951,Bia_Bia,3,109,18.3K,0.026785714285714284,18300
952,Where_I_Wanna_Be,21,37,17.9K,0.3620689655172414,17900
953,_da_Fam,72,23,19K,0.7578947368421053,19000
954,American_Bad_Ass,22,74,19.1K,0.22916666666666666,19100
955,Jole,4,63,18.9K,0.05970149253731343,18900
956,Sagaba,51,20,18.3K,0.7183098591549296,18300
957,_REMIX,15,536,21.8K,0.02722323049001815,21800
958,Buy_U_a_Drank_Shawty_Snappin_Remix,26,36,18K,0.41935483870967744,18000
959,Slow_Dance,4,39,18K,0.09302325581395349,18000
960,Pep_Rally,107,26,18.2K,0.8045112781954887,18200
961,Blessings,7,31,17.7K,0.18421052631578946,17700
962,Oooo,0,63,18.7K,0.0,18700
963,Oops_Oh_My_Original_Version,41,9,18.1K,0.82,18100
964,Stankonia_Stanklove,21,30,17.7K,0.4117647058823529,17700
965,GET_THE_BROOM,6,43,17.8K,0.12244897959183673,17800
966,Uno_Por_Ellas,8,38,18.1K,0.17391304347826086,18100
967,Grab_A_Star,0,72,18.1K,0.0,18100
968,Leidkultur,26,39,17.3K,0.4,17300
969,No_Label,11,68,18.1K,0.13924050632911392,18100
970,Permanent_Midnight,27,19,17.4K,0.5869565217391305,17400
971,Permanent_Midnight,27,19,17.4K,0.5869565217391305,17400
972,Shoot_Me,18,1,17.3K,0.9473684210526315,17300
973,Case_No_,0,75,17.4K,0.0,17400
974,Foes,9,43,17.3K,0.17307692307692307,17300
975,Know_How_I_Rock,5,54,17.4K,0.0847457627118644,17400
976,Sound_of_Unity_Sedaye_Ettehad,39,38,17K,0.5064935064935064,17000
977,Tikka,14,56,17.8K,0.2,17800
978,Knock_It_Off,4,102,17.3K,0.03773584905660377,17300
979,Hambre,38,55,18.1K,0.40860215053763443,18100
980,LONG_TIME_COMING,0,9,16.9K,0.0,16900
981,Water,6,50,51.5K,0.10714285714285714,51500
982,Charmaine,39,44,17.1K,0.46987951807228917,17100
983,LIVEFASTDIEYOUNG,3,84,16.9K,0.034482758620689655,16900
984,Mighty_O,10,69,17.1K,0.12658227848101267,17100
985,Doubt,9,96,21.2K,0.08571428571428572,21200
986,Hace_Falta_Soar,0,63,17K,0.0,17000
987,I_know,0,70,17.3K,0.0,17300
988,La_SACEM_de_Florent_Pagny,16,32,19.6K,0.3333333333333333,19600
989,Bank_Teller,9,105,20.9K,0.07894736842105263,20900
990,HIPPOPOTAMUS,5,28,17.3K,0.15151515151515152,17300
991,Nee_Fazla,0,39,9.8K,0.0,9800
992,I_Want_It_That_Way_Remix,5,33,27.7K,0.13157894736842105,27700
993,Eau_froide,2,31,16.9K,0.06060606060606061,16900
994,Te_Quiero,0,61,19K,0.0,19000
995,,0,58,29.3K,0.0,29300
996,Jippie,0,35,15.9K,0.0,15900
997,Oowee,0,33,16K,0.0,16000
998,Hella_Choppers,9,35,16.1K,0.20454545454545456,16100
999,Polaroid,20,55,18.9K,0.26666666666666666,18900
1000,Empty,6,52,16K,0.10344827586206896,16000
1001,Ladies,22,71,20.5K,0.23655913978494625,20500
1002,Light_Heist,3,113,20.2K,0.02586206896551724,20200
1003,Collaborations,0,18,24.2K,0.0,24200
1004,Alone_Intro,0,25,16.3K,0.0,16300
1005,Forever_On_Some_Fly_Shit,3,36,16.4K,0.07692307692307693,16400
1006,Luv__Luv_U,25,90,17.4K,0.21739130434782608,17400
1007,Mucho_Gusto,24,70,20.3K,0.2553191489361702,20300
1008,Die_Wit_Em,4,68,21.1K,0.05555555555555555,21100
1009,Win,5,57,15.4K,0.08064516129032258,15400
1010,Cot_Damn,26,78,15.6K,0.25,15600
1011,Kulp,0,16,15.2K,0.0,15200
1012,As_Mismo,0,107,20.7K,0.0,20700
1013,Muijii_stadis,15,117,21.7K,0.11363636363636363,21700
1014,Childsplay,3,67,16K,0.04285714285714286,16000
1015,Gaslight,1,79,15.7K,0.0125,15700
1016,Spy_Kid,0,62,20.2K,0.0,20200
1017,She_Wants_to_Move,2,53,15.4K,0.03636363636363636,15400
1018,Deliverance,0,81,15.3K,0.0,15300
1019,Choppa_Go,4,79,20.9K,0.04819277108433735,20900
1020,Drank_Head,4,87,15.6K,0.04395604395604396,15600
1021,Bliss_City,0,98,16.4K,0.0,16400
1022,Just_Wanna,29,49,23.8K,0.3717948717948718,23800
1023,Till_I_Collapse_Freestyle,5,27,15.1K,0.15625,15100
1024,Boom_Bye_Bye,17,43,16.2K,0.2833333333333333,16200
1025,Le_temps,5,53,15.2K,0.08620689655172414,15200
1026,Say_Bitch,0,97,15.7K,0.0,15700
1027,My_Own_Thing,10,37,51.3K,0.2127659574468085,51300
1028,George_Moula,2,117,17K,0.01680672268907563,17000
1029,North_Nights,29,68,18.5K,0.29896907216494845,18500
1030,Girls_Best_Friend,18,74,15.5K,0.1956521739130435,15500
1031,Gorgeous,14,88,17.5K,0.13725490196078433,17500
1032,Freestyle_Daymolition,46,222,14.6K,0.17164179104477612,14600
1033,San_Andreas_Mentality,6,103,15.1K,0.05504587155963303,15100
1034,Loose_Ends,1,116,27K,0.008547008547008548,27000
1035,Day_n_Nite_Crookers_Remix,4,49,15.9K,0.07547169811320754,15900
1036,Ugly,3,99,14.8K,0.029411764705882353,14800
1037,Quin_Eres,2,106,15.5K,0.018518518518518517,15500
1038,How_Deep_is_Your_Love,7,112,15.9K,0.058823529411764705,15900
1039,Sin_Mercy,25,43,19.5K,0.36764705882352944,19500
1040,You__Me,0,30,14.6K,0.0,14600
1041,Jailbreak_the_Tesla,26,54,23.5K,0.325,23500
1042,Tu_vas_glisser,26,48,14.2K,0.35135135135135137,14200
1043,MEN_II,28,83,17.4K,0.25225225225225223,17400
1044,Awnaw,38,61,13.8K,0.3838383838383838,13800
1045,Valentino,27,42,19.9K,0.391304347826087,19900
1046,Running_Late,1,47,14K,0.020833333333333332,14000
1047,Un_peu_ivre,12,74,13.7K,0.13953488372093023,13700
1048,,9,48,32K,0.15789473684210525,32000
1049,La_Hora_Del_Juicio,13,103,14.9K,0.11206896551724138,14900
1050,Adios,48,42,13.7K,0.5333333333333333,13700
1051,Call_Me_Sir,4,74,14K,0.05128205128205128,14000
1052,TiP_TOE_,0,58,19.5K,0.0,19500
1053,Mikoaj_Koper,22,22,23.3K,0.5,23300
1054,No_Discussion,1,56,13.9K,0.017543859649122806,13900
1055,,15,2,14.1K,0.8823529411764706,14100
1056,Bilinge,12,90,14.4K,0.11764705882352941,14400
1057,Tripolar,0,144,14.1K,0.0,14100
1058,Story,0,73,14.7K,0.0,14700
1059,Church,20,45,13.5K,0.3076923076923077,13500
1060,Throw_It_Up,17,146,16.4K,0.10429447852760736,16400
1061,La_del_Estribo,7,110,15.8K,0.05982905982905983,15800
1062,Gang_In_This_Bitch,9,36,14.3K,0.2,14300
1063,Check_Your_Heart,2,70,13.5K,0.027777777777777776,13500
1064,SIGNS,5,73,13.7K,0.0641025641025641,13700
1065,Bowtie,29,39,13.3K,0.4264705882352941,13300
1066,Il_se_passe_quoi,16,115,13.3K,0.12213740458015267,13300
1067,I_Didnt_Want_To_Do_It_This_Way_But,10,16,13.4K,0.38461538461538464,13400
1068,El_Mundo_ABC,15,92,13.7K,0.14018691588785046,13700
1069,Black_Balloons_Reprise,17,29,21K,0.3695652173913043,21000
1070,Belieber,2,49,14.2K,0.0392156862745098,14200
1071,BX_Land_,6,84,17K,0.06666666666666667,17000
1072,_Poison,0,40,13.5K,0.0,13500
1073,Ley_Del_Hielo,1,70,13.8K,0.014084507042253521,13800
1074,Back_Again,0,41,13.6K,0.0,13600
1075,What_Do_You_Mean,5,67,34.4K,0.06944444444444445,34400
1076,Big_Bank,7,65,15.2K,0.09722222222222222,15200
1077,Breaking_News_,11,27,20.4K,0.2894736842105263,20400
1078,Cest_aussi_simple_que_a,56,64,12.9K,0.4666666666666667,12900
1079,Eplogo,9,134,17.4K,0.06293706293706294,17400
1080,Lightwork_Freestyle,30,108,16.1K,0.21739130434782608,16100
1081,They_Roll,15,39,18.7K,0.2777777777777778,18700
1082,Sexy_Lady,1,58,12.6K,0.01694915254237288,12600
1083,_Bloods__Crips,19,47,12.6K,0.2878787878787879,12600
1084,Hey_Mama,7,91,13.7K,0.07142857142857142,13700
1085,Toke,29,37,16.3K,0.4393939393939394,16300
1086,Let_Me_In,16,15,12.4K,0.5161290322580645,12400
1087,Sweet_Emotions,52,10,12.6K,0.8387096774193549,12600
1088,I_Need_That,2,60,14.3K,0.03225806451612903,14300
1089,Dis_moi_tout_BB,38,42,13.8K,0.475,13800
1090,Nathaniel,17,10,12.5K,0.6296296296296297,12500
1091,Advertencia,39,142,17K,0.2154696132596685,17000
1092,SUPER_Kendrick_Lamar,7,0,12K,1.0,12000
1093,Go_Two_Zero_One_Seven,0,93,12.4K,0.0,12400
1094,Sonic_Shit,6,48,14.3K,0.1111111111111111,14300
1095,Im_in_real_big_trouble,3,22,22.5K,0.12,22500
1096,Tomb_of_the_Boom,22,93,12.3K,0.19130434782608696,12300
1097,FAKE,41,48,12.1K,0.4606741573033708,12100
1098,Surf,8,50,12.3K,0.13793103448275862,12300
1099,Wine_For_Me,1,66,12.1K,0.014925373134328358,12100
1100,Toke,29,37,16.3K,0.4393939393939394,16300
1101,Backwards,4,72,17.2K,0.05263157894736842,17200
1102,Dope_Smokes,4,49,12.5K,0.07547169811320754,12500
1103,Claimin_True,52,38,12.3K,0.5777777777777777,12300
1104,Who,0,35,16.8K,0.0,16800
1105,Estilo_Libre,1,78,12.6K,0.012658227848101266,12600
1106,Freestyle_Booska_Mahrez,0,72,12.4K,0.0,12400
1107,Real_Name,7,60,16.7K,0.1044776119402985,16700
1108,,22,83,12.3K,0.20952380952380953,12300
1109,U_Dont_Got_a_Clue,0,36,14.8K,0.0,14800
1110,Papal,2,64,12.2K,0.030303030303030304,12200
1111,Regular,6,72,11.9K,0.07692307692307693,11900
1112,Blackout,61,21,15.3K,0.7439024390243902,15300
1113,The_Roof_Is_on_Fire,2,104,11.6K,0.018867924528301886,11600
1114,Mr_Slow_Flow,31,40,11.8K,0.43661971830985913,11800
1115,CANcin_De_La_Prisin,14,75,14.3K,0.15730337078651685,14300
1116,My_Way,44,39,12.4K,0.5301204819277109,12400
1117,Marie,15,14,11.5K,0.5172413793103449,11500
1118,Shut_Up_Bitch,10,85,11.7K,0.10526315789473684,11700
1119,Razor,35,54,11.4K,0.39325842696629215,11400
1120,Bands_Remix,4,87,11.2K,0.04395604395604396,11200
1121,Dans_le_noir,5,99,11.9K,0.04807692307692308,11900
1122,Behind_Barz,20,89,11.4K,0.1834862385321101,11400
1123,All_We_Got,55,33,11.2K,0.625,11200
1124,Apel,6,51,11.6K,0.10526315789473684,11600
1125,HOW_DO_YOU_DO,0,34,11.7K,0.0,11700
1126,cutthroat,4,77,21.8K,0.04938271604938271,21800
1127,In_My_Bed_So_So_Def_Remix,0,79,12.4K,0.0,12400
1128,Shiros_Story_,0,108,11.8K,0.0,11800
1129,Ne_me_quitte_pas,0,95,11K,0.0,11000
1130,Tuesday_Freestyle,30,9,11.1K,0.7692307692307693,11100
1131,Time_And_Again,8,25,11K,0.24242424242424243,11000
1132,Hollywood,0,57,11.8K,0.0,11800
1133,Latola,15,43,13.1K,0.25862068965517243,13100
1134,Powder_Cocaine,25,29,11.6K,0.46296296296296297,11600
1135,Kapitane,0,64,11K,0.0,11000
1136,Flattered,4,85,11K,0.0449438202247191,11000
1137,Fly_Crippin,9,70,12.7K,0.11392405063291139,12700
1138,Goblin,2,43,18.2K,0.044444444444444446,18200
1139,Micasa_Sucasa,34,80,11K,0.2982456140350877,11000
1140,Start_Dying,3,58,10.8K,0.04918032786885246,10800
1141,Brutti_sogni,19,70,30.6K,0.21348314606741572,30600
1142,Skrt,1,87,10.8K,0.011363636363636364,10800
1143,Hit_the_Lotto,2,51,10.8K,0.03773584905660377,10800
1144,Ser_Vero,9,93,12K,0.08823529411764706,12000
1145,Effortless,0,71,18.7K,0.0,18700
1146,Cinemetropolis,56,14,10.8K,0.8,10800
1147,My_Shit,2,51,10.8K,0.03773584905660377,10800
1148,Awesome,0,53,11.6K,0.0,11600
1149,Pimperial,39,30,10.8K,0.5652173913043478,10800
